{"cameraMode":{"drawMode":0,"name":"Shaded","section":"Shading Mode"},"sceneLighting":false,"audioPlay":false,"sceneViewState":{"m_AlwaysRefresh":false,"showFog":true,"showSkybox":false,"showFlares":true,"showImageEffects":true,"showParticleSystems":true,"showVisualEffectGraphs":true,"m_FxEnabled":true},"in2DMode":false,"pivot":{"x":-80.38999938964844,"y":-13.464158058166504,"z":16.100000381469728},"rotation":{"x":-0.10213106125593186,"y":0.0020860787481069566,"z":-0.00021407229360193014,"w":-0.9947667717933655},"size":12.439322471618653,"orthographic":false}