{"cameraMode":{"drawMode":0,"name":"Shaded","section":"Shading Mode"},"sceneLighting":false,"audioPlay":false,"sceneViewState":{"m_AlwaysRefresh":false,"showFog":true,"showSkybox":false,"showFlares":true,"showImageEffects":true,"showParticleSystems":true,"showVisualEffectGraphs":true,"m_FxEnabled":true},"in2DMode":false,"pivot":{"x":128.98788452148438,"y":1.7206146717071534,"z":16.554540634155275},"rotation":{"x":-0.12894535064697267,"y":-0.008332581259310246,"z":0.0010836092988029123,"w":-0.9916167259216309},"size":6.140257835388184,"orthographic":false}